{
  "schemaVersion": 1,
  "levels": [
    {
      "name": "Intro Steps",
      "theme": {
        "bg": "#F0F0F0",
        "platform": "#C8C8C8",
        "blob": "#1478FF"
      },
      "gravity": 0.65,
      "jumpV": -11.0,
      "camera": { "lerp": 0.12 },
      "world": { "w": 2400, "h": 360, "deathY": 560 },
      "start": { "x": 80, "y": 220, "r": 26 },
      "platforms": [
        { "x": 0, "y": 424, "w": 640, "h": 36 },
        { "x": 120, "y": 354, "w": 120, "h": 12 },
        { "x": 300, "y": 304, "w": 90, "h": 12 },
        { "x": 440, "y": 244, "w": 130, "h": 12 },
        { "x": 520, "y": 354, "w": 90, "h": 12 },
        { "x": 570, "y": 164, "w": 30, "h": 12 },

        { "x": 720, "y": 424, "w": 420, "h": 36 },
        { "x": 760, "y": 364, "w": 110, "h": 12 },
        { "x": 930, "y": 324, "w": 110, "h": 12 },
        { "x": 1090, "y": 284, "w": 110, "h": 12 },

        { "x": 1200, "y": 424, "w": 520, "h": 36 },
        { "x": 1400, "y": 344, "w": 140, "h": 12 }
      ]
    }
  ]
}
