{
  "schemaVersion": 1,
  "world": {
    "w": 2400,
    "h": 1600,
    "bg": [235, 235, 235],
    "gridStep": 160
  },
  "playerStart": {
    "x": 300,
    "y": 300,
    "speed": 3
  },
  "obstacles": [
    { "x": 40, "y": 40, "w": 80, "h": 80, "r": 10 },
    { "x": 320, "y": 220, "w": 80, "h": 80, "r": 10 },
    { "x": 600, "y": 400, "w": 80, "h": 80, "r": 10 },
    { "x": 880, "y": 580, "w": 80, "h": 80, "r": 10 },
    { "x": 1160, "y": 760, "w": 80, "h": 80, "r": 10 },
    { "x": 1440, "y": 940, "w": 80, "h": 80, "r": 10 },
    { "x": 1720, "y": 1120, "w": 80, "h": 80, "r": 10 },
    { "x": 2000, "y": 1300, "w": 80, "h": 80, "r": 10 }
  ]
}
